"Line Downtime Original Reason","Line Downtime Reason","Line State Duration","Scheduled Shift","Scheduled Shift Start Date Time","Line Downtime Equipment Name"
"UPDT -  OP SIDE LIGHT CURTAIN TRIPPED","FLA0 Auto Packer","0.016666666666666666","R5","2022-11-06 18:00:00.000","7436B"
"UPDT -  OP SIDE MATT TRIPPED","FLS0 Folding Section-2nd Section","0.016666666666666666","Y5","2022-11-06 06:00:00.000","7436B"
"UPDT -  LEARY SYSTEM SHUTDOWN","S00 Start-Up Shut-Down","0.016666666666666666","Y4","2022-11-04 07:00:00.000","7435B"
"UPDT -  LEARY SYSTEM SHUTDOWN","S00 Start-Up Shut-Down","0.016666666666666666","Y4","2022-11-04 07:00:00.000","7436A"
"UPDT -  LEARY SYSTEM SHUTDOWN","S00 Start-Up Shut-Down","0.016666666666666666","Y4","2022-11-04 07:00:00.000","7436B"
"UPDT -  OP SIDE MATT TRIPPED","S00 Start-Up Shut-Down","0.016666666666666666","Y4","2022-11-05 07:00:00.000","7436A"
"UPDT -  OP SIDE MATT TRIPPED","S00 Start-Up Shut-Down","0.016666666666666666","Y5","2022-11-06 06:00:00.000","7436B"
"UPDT -  HEIBER STOP COMMAND","UPDT -  HEIBER STOP COMMAND","0.016666666666666666","Y4","2022-11-04 07:00:00.000","7436B"
"UPDT - WW Tab Breaker","S03 Start up shut down","0.06666666666666667","R4","2022-11-04 19:00:00.000","7304"
"UPDT -  HEIBER STOP COMMAND","UPDT -  HEIBER STOP COMMAND","0.08333333333333333","Y4","2022-11-05 07:00:00.000","7436A"
"Unplanned Downtime","S00 Start-Up Shut-Down","0.1","Y5","2022-11-06 06:00:00.000","7434"
"UPDT -  HEIBER STOP COMMAND","UPDT -  HEIBER STOP COMMAND","0.13333333333333333","Y4","2022-11-05 07:00:00.000","7436B"
"UPDT -  HEIBER STOP COMMAND","UPDT -  HEIBER STOP COMMAND","0.15","R5","2022-11-06 18:00:00.000","7436A"
"Unplanned Downtime","FQER Replace - Change Film","0.18333333333333332","R5","2022-11-06 18:00:00.000","7433"
"UPDT - Delivery Stacker Fast Stop Shutdown - 1","S03 Start up shut down","0.26666666666666666","R4","2022-11-05 19:00:00.000","7301"
"UPDT - WW Delivery","UPDT - WW Delivery","0.3333333333333333","R4","2022-11-05 19:00:00.000","7304"
"Unplanned Downtime","FLG0 Cold Glue System","0.4166666666666667","Y5","2022-11-06 06:00:00.000","7434"
"UPDT - WW Delivery","S00 Start-Up Shut-Down","0.43333333333333335","R4","2022-11-04 19:00:00.000","7304"
"UPDT - WW Delivery","PQPA Plate Scratch-Stain-Desensitiz","0.5166666666666667","R5","2022-11-06 18:00:00.000","7305"
"Unplanned Downtime","FQ71 Skewed","0.5666666666666667","Y4","2022-11-05 07:00:00.000","7433"
"UPDT - WW Tab Breaker","PLS0 Delivery table jam","0.6166666666666667","R5","2022-11-06 18:00:00.000","7305"
"UPDT - Printer Fast Stop Shutdown","LOM Mechanical","0.6333333333333333","Y5","2022-11-06 06:00:00.000","7301"
"UPDT - Delivery Belts Fast Stop Shutdown - 1","CQ64 Incomplete-poor Cutting","0.6833333333333333","Y4","2022-11-04 07:00:00.000","7303"
"Unplanned Downtime","Q19 Doubles","0.7166666666666667","Y4","2022-11-05 07:00:00.000","7434"
"UPDT - Printer Fast Stop Shutdown","S03 Start up shut down","0.75","R4","2022-11-05 19:00:00.000","7301"
"UPDT - WW Tab Breaker","S03 Start up shut down","0.8","R5","2022-11-06 18:00:00.000","7304"
"UPDT - Delivery Stacker Fast Stop Shutdown - 1","S00 Start-Up Shut-Down","0.8166666666666667","Y4","2022-11-05 07:00:00.000","7303"
"UPDT - WW Cutter Nip","U00 Clean Up - Housekeeping","0.8166666666666667","Y5","2022-11-06 06:00:00.000","7305"
"UPDT -  HEIBER STOP COMMAND","FLC0 Compression Section","0.8333333333333334","Y4","2022-11-04 07:00:00.000","7435A"
"UPDT - WW Festoon","PLZ0 Palletizer air table","0.85","Y4","2022-11-04 07:00:00.000","7304"
"UPDT -  LEARY SYSTEM SHUTDOWN","FLW0 Automation - Robotics","0.8833333333333333","Y4","2022-11-04 07:00:00.000","7435A"
"UPDT - Cutter Fast Stop Shutdown","PLS0 Delivery table jam","0.9166666666666666","Y4","2022-11-05 07:00:00.000","7303"
"UPDT - Cutter Fast Stop Shutdown","PLRW Rollers metering chrome","0.9833333333333333","Y4","2022-11-05 07:00:00.000","7303"
"UPDT - Delivery Stacker Fast Stop Shutdown - 1","PLS0 Delivery table jam","0.9833333333333333","Y5","2022-11-06 06:00:00.000","7301"
"UPDT -  HEIBER STOP COMMAND","S00 Start-Up Shut-Down","0.9833333333333333","Y5","2022-11-06 06:00:00.000","7435B"
"UPDT - Cutter Dancer Roller at Lower Limit","PLRW Rollers metering chrome","1.0","Y4","2022-11-04 07:00:00.000","7303"
"Unplanned Downtime","S03 Start up shut down","1.0","Y4","2022-11-05 07:00:00.000","7434"
"UPDT - WW Cutter Nip","S03 Start up shut down","1.0166666666666666","R4","2022-11-04 19:00:00.000","7305"
"UPDT - WW Cutter","S03 Start up shut down","1.0333333333333334","R5","2022-11-06 18:00:00.000","7305"
"UPDT -  HEIBER STOP COMMAND","UPDT -  HEIBER STOP COMMAND","1.05","R4","2022-11-05 19:00:00.000","7436B"
"UPDT - Deck 8 Fault","S03 Start up shut down","1.0666666666666667","R4","2022-11-04 19:00:00.000","7304"
"Unplanned Downtime","SQ04 Waiting on Material - Board","1.0666666666666667","R4","2022-11-04 19:00:00.000","7434"
"UPDT -  OP STATION E-STOP","FLC0 Compression Section","1.1","Y4","2022-11-04 07:00:00.000","7435A"
"UPDT -  HEIBER STOP COMMAND","FQEA Adjust - Change Knives","1.1","Y4","2022-11-04 07:00:00.000","7436B"
"UPDT - Delivery Stacker Fast Stop Shutdown - 1","S03 Start up shut down","1.1","R4","2022-11-05 19:00:00.000","7303"
"Unplanned Downtime","U00 Clean Up - Housekeeping","1.15","Y5","2022-11-06 06:00:00.000","7435B"
"UPDT - WW Cutter Nip","S03 Start up shut down","1.2","Y4","2022-11-05 07:00:00.000","7305"
"UPDT - Deck 7 Fault","S03 Start up shut down","1.2166666666666666","Y4","2022-11-05 07:00:00.000","7305"
"Unplanned Downtime","LQ01 Adhesion-Loose Film","1.2333333333333334","Y5","2022-11-06 06:00:00.000","7434"
"UPDT - Cutter Dancer Roller at Lower Limit","PQPO Plate Change Other","1.2333333333333334","R4","2022-11-05 19:00:00.000","7302"
"UPDT - WW Cutter Nip","CQ51 P-C register waste","1.25","R5","2022-11-06 18:00:00.000","7304"
"Unplanned Downtime","FLA0 Auto Packer","1.25","Y5","2022-11-06 06:00:00.000","7434"
"UPDT - WW Aetek","PLV0 UV light bulb","1.25","R5","2022-11-06 18:00:00.000","7304"
"UPDT - Delivery Tab Breaker Jam Operator Side - 1","PLS0 Delivery table jam","1.2833333333333334","R4","2022-11-05 19:00:00.000","7303"
"UPDT - WW Outfeed","CLNC Reg P-C maint required","1.3166666666666667","Y5","2022-11-06 06:00:00.000","7304"
"UPDT - Infeed Fast Stop Shutdown","PLU0 Unwind","1.3166666666666667","R5","2022-11-06 18:00:00.000","7303"
"UPDT - Aetek Fault - Tower 4","UPDT - Aetek Fault - Tower 4","1.3333333333333333","R5","2022-11-06 18:00:00.000","7302"
"UPDT - Printer Fast Stop Shutdown","PLS0 Delivery table jam","1.35","R4","2022-11-05 19:00:00.000","7302"
"Unplanned Downtime","FLC0 Compression Section","1.3666666666666667","Y4","2022-11-04 07:00:00.000","7433"
"UPDT - Tower 6 Stop Button","PLRW Rollers metering chrome","1.3666666666666667","Y4","2022-11-04 07:00:00.000","7303"
"UPDT - Delivery Tab Breaker Jam Center","PQU0 Manual Splice","1.3833333333333333","Y4","2022-11-04 07:00:00.000","7303"
"UPDT -  LEARY SYSTEM SHUTDOWN","WQ00 Automation breakdown","1.3833333333333333","R4","2022-11-04 19:00:00.000","7436B"
"UPDT - Delivery Tab Breaker Jam Gear Side","CQCJ Die jam","1.4","R4","2022-11-05 19:00:00.000","7301"
"UPDT - Fallthrough - Printer","PQU0 Manual Splice","1.4166666666666667","Y4","2022-11-04 07:00:00.000","7303"
"UPDT - Delivery Tab Breaker Fast Stop Shutdown","PLS0 Delivery table jam","1.4333333333333333","Y5","2022-11-06 06:00:00.000","7303"
"UPDT - Cutter Fast Stop Shutdown","PQBT Tighten blankets","1.4833333333333334","Y5","2022-11-06 06:00:00.000","7303"
"UPDT -  OP SIDE LIGHT CURTAIN TRIPPED","FLS0 Folding Section-2nd Section","1.5166666666666666","R4","2022-11-04 19:00:00.000","7436A"
"UPDT -  OP SIDE MATT TRIPPED","FLA0 Auto Packer","1.5333333333333334","Y5","2022-11-06 06:00:00.000","7436B"
"UPDT - Delivery Belts Fast Stop Shutdown - 1","PLS0 Delivery table jam","1.5333333333333334","Y5","2022-11-06 06:00:00.000","7303"
"UPDT - Cutter Stripper Out of Sync","PLS0 Delivery table jam","1.5666666666666667","Y5","2022-11-06 06:00:00.000","7301"
"UPDT - Deck 8 Fault","S03 Start up shut down","1.5666666666666667","R4","2022-11-04 19:00:00.000","7305"
"Unplanned Downtime","CQ04 Bent-Torn Flap-Cartn","1.6","Y5","2022-11-06 06:00:00.000","7433"
"UPDT - Delivery Tab Breaker Jam Gear Side","CQCJ Die jam","1.6166666666666667","R4","2022-11-04 19:00:00.000","7301"
"UPDT -  HEIBER STOP COMMAND","FLW0 Automation - Robotics","1.6166666666666667","Y4","2022-11-04 07:00:00.000","7436B"
"UPDT - Tower 4 Guard Open Fault","PLRW Rollers metering chrome","1.6166666666666667","Y4","2022-11-05 07:00:00.000","7303"
"UPDT -  LEARY SYSTEM SHUTDOWN","FLAB Flaps-  Bent- Torn","1.6333333333333333","Y4","2022-11-05 07:00:00.000","7436B"
"Unplanned Downtime","Unplanned Downtime","1.6666666666666667","R4","2022-11-05 19:00:00.000","7433"
"UPDT -  LEARY SYSTEM SHUTDOWN","FLA0 Auto Packer","1.6833333333333333","R4","2022-11-05 19:00:00.000","7436B"
"UPDT -  HEIBER STOP COMMAND","FLT0 Trombone Section","1.6833333333333333","Y4","2022-11-05 07:00:00.000","7435B"
"UPDT - Delivery Tab Breaker Fast Stop Shutdown","CQCJ Die jam","1.7","Y5","2022-11-06 06:00:00.000","7303"
"UPDT - Delivery Tab Breaker Jam Center","CLCS Die stripping-pins","1.7333333333333334","R4","2022-11-05 19:00:00.000","7302"
"UPDT - Delivery Table Jam - 1","PQPA Plate Scratch-Stain-Desensitiz","1.7333333333333334","R4","2022-11-05 19:00:00.000","7302"
"UPDT -  HEIBER STOP COMMAND","FLW0 Automation - Robotics","1.7833333333333334","Y4","2022-11-04 07:00:00.000","7436A"
"UPDT - Cutter Dancer Roller at Lower Limit","UPDT - Cutter Dancer Roller at Lower Limit","1.7833333333333334","Y5","2022-11-06 06:00:00.000","7302"
"UPDT - Delivery Tab Breaker Fast Stop Shutdown","S03 Start up shut down","1.8","R4","2022-11-05 19:00:00.000","7301"
"UPDT -  LEARY SYSTEM SHUTDOWN","FLW0 Automation - Robotics","1.8166666666666667","Y4","2022-11-04 07:00:00.000","7436B"
"UPDT - Delivery Tab Breaker Jam Gear Side","PLS0 Delivery table jam","1.8666666666666667","Y4","2022-11-05 07:00:00.000","7301"
"Unplanned Downtime","FLF3 Feed Section","1.9166666666666667","R5","2022-11-06 18:00:00.000","7434"
"UPDT - WW Tab Breaker","S03 Start up shut down","1.9333333333333333","R4","2022-11-05 19:00:00.000","7305"
"UPDT -  LEARY SYSTEM SHUTDOWN","FLW0 Automation - Robotics","1.9666666666666666","Y4","2022-11-05 07:00:00.000","7436A"
"Unplanned Downtime","Q19 Doubles","1.9833333333333334","R5","2022-11-06 18:00:00.000","7433"
"UPDT - Delivery Tab Breaker Jam Gear Side","PLS0 Delivery table jam","2.033333333333333","Y4","2022-11-04 07:00:00.000","7301"
"UPDT - Delivery Tab Breaker Fast Stop Shutdown","PLS0 Delivery table jam","2.033333333333333","R4","2022-11-05 19:00:00.000","7303"
"UPDT -  HEIBER STOP COMMAND","FLF3 Feed Section","2.066666666666667","Y4","2022-11-05 07:00:00.000","7435B"
"UPDT - Cutter Fast Stop Shutdown","PQU1 Web Break Splice","2.066666666666667","Y4","2022-11-04 07:00:00.000","7301"
"Unplanned Downtime","Q19 Doubles","2.0833333333333335","R4","2022-11-05 19:00:00.000","7433"
"UPDT - Control Normal Stop Shutdown","S03 Start up shut down","2.0833333333333335","R5","2022-11-06 18:00:00.000","7303"
"UPDT - WW Aetek","PLV0 UV light bulb","2.1","Y4","2022-11-04 07:00:00.000","7304"
"UPDT - WW Outfeed","CQ59 Pin Holes","2.15","Y4","2022-11-04 07:00:00.000","7305"
"UPDT -  LEARY SYSTEM SHUTDOWN","FLG0 Cold Glue System","2.216666666666667","Y4","2022-11-05 07:00:00.000","7436A"
"UPDT - Delivery Tab Breaker Fast Stop Shutdown","PQU0 Manual Splice","2.25","Y4","2022-11-04 07:00:00.000","7301"
"UPDT - WW Delivery","CQ51 P-C register waste","2.2666666666666666","Y4","2022-11-04 07:00:00.000","7305"
"UPDT - Control Desk Fast Stop Shutdown - 1","PLS0 Delivery table jam","2.2666666666666666","Y4","2022-11-05 07:00:00.000","7301"
"Unplanned Downtime","FQ23 Feed Problems","2.283333333333333","Y5","2022-11-06 06:00:00.000","7434"
"Unplanned Downtime","S03 Start up shut down","2.283333333333333","R5","2022-11-06 18:00:00.000","7434"
"UPDT - Delivery Tab Breaker Jam Gear Side","PQBS Blanket changed smashed","2.3","R4","2022-11-04 19:00:00.000","7301"
"UPDT - Tower 2 Guard Open Fault","PLD2 Printing Decks-Units -Non roll","2.3333333333333335","R4","2022-11-04 19:00:00.000","7303"
"UPDT -  HEIBER STOP COMMAND","FLW0 Automation - Robotics","2.35","Y5","2022-11-06 06:00:00.000","7435A"
"UPDT - Tower 8 Stop Button","PQU0 Manual Splice","2.35","Y4","2022-11-04 07:00:00.000","7303"
"UPDT - Cutter Dancer Roller at Lower Limit","CLCS Die stripping-pins","2.3666666666666667","Y5","2022-11-06 06:00:00.000","7302"
"UPDT -  HEIBER STOP COMMAND","UPDT -  HEIBER STOP COMMAND","2.4","R4","2022-11-05 19:00:00.000","7436A"
"UPDT - WW Cutter Nip","PQU1 Web Break Splice","2.4166666666666665","Y4","2022-11-05 07:00:00.000","7304"
"UPDT - Delivery Stacker Fast Stop Shutdown - 1","S03 Start up shut down","2.433333333333333","Y5","2022-11-06 06:00:00.000","7302"
"UPDT -  LEARY SYSTEM SHUTDOWN","FLA0 Auto Packer","2.45","R4","2022-11-04 19:00:00.000","7436B"
"UPDT - WW Splicer","PLUS Splicer-unwind","2.45","Y4","2022-11-05 07:00:00.000","7304"
"Unplanned Downtime","Unplanned Downtime","2.45","Y4","2022-11-04 07:00:00.000","7434"
"UPDT -  HEIBER STOP COMMAND","WQ00 Automation breakdown","2.45","R4","2022-11-04 19:00:00.000","7436A"
"UPDT - WW Coater","UPDT - WW Coater","2.466666666666667","Y4","2022-11-04 07:00:00.000","7305"
"UPDT - Delivery Stacker Fast Stop Shutdown - 1","PLL0 Microcolor","2.5","R4","2022-11-04 19:00:00.000","7302"
"UPDT - Console Normal Stop","PQBT Tighten blankets","2.5","R4","2022-11-05 19:00:00.000","7303"
"UPDT -  LEARY SYSTEM SHUTDOWN","FLA0 Auto Packer","2.533333333333333","Y5","2022-11-06 06:00:00.000","7435A"
"UPDT - Fallthrough - Infeed","S03 Start up shut down","2.533333333333333","R5","2022-11-06 18:00:00.000","7301"
"Unplanned Downtime","FLR0 Prefeed Section","2.6","R4","2022-11-05 19:00:00.000","7433"
"UPDT - Cutter Drive OK to Run","PLS0 Delivery table jam","2.6","Y5","2022-11-06 06:00:00.000","7301"
"UPDT - Delivery Stacker Fast Stop Shutdown - 1","PLS0 Delivery table jam","2.6","Y4","2022-11-05 07:00:00.000","7302"
"UPDT - Delivery Tab Breaker Fast Stop Shutdown","CQ04 Bent-Torn Flap-Cartn","2.6333333333333333","R4","2022-11-05 19:00:00.000","7301"
"UPDT -  HEIBER STOP COMMAND","FLA0 Auto Packer","2.6666666666666665","R4","2022-11-04 19:00:00.000","7436A"
"UPDT -  HEIBER STOP COMMAND","FLAB Flaps-  Bent- Torn","2.6666666666666665","Y4","2022-11-05 07:00:00.000","7436B"
"Unplanned Downtime","FQ71 Skewed","2.683333333333333","Y4","2022-11-04 07:00:00.000","7433"
"UPDT - Tower 6 Web Break","LOE Electrical","2.683333333333333","Y5","2022-11-06 06:00:00.000","7302"
"UPDT - Console Fast Stop","CLCS Die stripping-pins","2.7","R4","2022-11-05 19:00:00.000","7302"
"UPDT -  HEIBER STOP COMMAND","FEDR Feed Tear","2.7","R4","2022-11-04 19:00:00.000","7436A"
"UPDT -  LEARY SYSTEM SHUTDOWN","FLF3 Feed Section","2.7","Y4","2022-11-05 07:00:00.000","7436A"
"UPDT - Cutter Fast Stop Shutdown","LOE Electrical","2.7","Y4","2022-11-05 07:00:00.000","7302"
"UPDT - Tower 7 Stop Button","CQ51 P-C register waste","2.716666666666667","Y4","2022-11-05 07:00:00.000","7302"
"Unplanned Downtime","FQER Replace - Change Film","2.716666666666667","R4","2022-11-04 19:00:00.000","7434"
"UPDT - Delivery Table Jam - 1","CQ51 P-C register waste","2.7333333333333334","Y4","2022-11-05 07:00:00.000","7302"
"UPDT - Delivery Tab Breaker Fast Stop Shutdown","PLRW Rollers metering chrome","2.7333333333333334","R5","2022-11-06 18:00:00.000","7301"
"UPDT - Delivery Tab Breaker Fast Stop Shutdown","PLS0 Delivery table jam","2.75","Y4","2022-11-05 07:00:00.000","7302"
"UPDT - WW Cutter Nip","S03 Start up shut down","2.7666666666666666","R4","2022-11-04 19:00:00.000","7304"
"UPDT - Infeed Splicer Prepared Shutdown","PQU1 Web Break Splice","2.8","R4","2022-11-04 19:00:00.000","7303"
"Unplanned Downtime","FLW0 Automation - Robotics","2.816666666666667","Y4","2022-11-04 07:00:00.000","7435B"
"UPDT - Cutter Fast Stop Shutdown","CQ64 Incomplete-poor Cutting","2.8333333333333335","Y4","2022-11-05 07:00:00.000","7301"
"UPDT -  LEARY SYSTEM SHUTDOWN","FLS0 Folding Section-2nd Section","2.8333333333333335","Y5","2022-11-06 06:00:00.000","7436A"
"Unplanned Downtime","FQER Replace - Change Film","2.8333333333333335","R4","2022-11-05 19:00:00.000","7433"
"UPDT - WW Splicer","PLUS Splicer-unwind","2.8333333333333335","R4","2022-11-05 19:00:00.000","7304"
"UPDT -  OP SIDE MATT TRIPPED","FLA0 Auto Packer","2.85","R4","2022-11-05 19:00:00.000","7436A"
"UPDT - Cutter Fast Stop Shutdown","PQU1 Web Break Splice","2.8666666666666667","R4","2022-11-04 19:00:00.000","7303"
"UPDT - WW Unwind Cabinet","PLU0 Unwind","2.8833333333333333","Y5","2022-11-06 06:00:00.000","7304"
"UPDT - Delivery Tab Breaker Fast Stop Shutdown","CQCJ Die jam","2.9","R4","2022-11-05 19:00:00.000","7301"
"UPDT - Delivery Table Jam - 1","CLCS Die stripping-pins","2.933333333333333","R4","2022-11-05 19:00:00.000","7302"
"UPDT -  LEARY SYSTEM SHUTDOWN","FLA0 Auto Packer","2.95","R4","2022-11-05 19:00:00.000","7436A"
"Unplanned Downtime","EQ01 Cello Wrap ups","2.966666666666667","Y4","2022-11-05 07:00:00.000","7433"
"UPDT - Tower 2 Guard Open Fault","PQU0 Manual Splice","2.966666666666667","Y4","2022-11-04 07:00:00.000","7301"
"UPDT - WW Tab Breaker","CQCL Die jam splice","3.033333333333333","R5","2022-11-06 18:00:00.000","7305"
"UPDT - Tower 3 Guard Open Fault","LOE Electrical","3.033333333333333","Y5","2022-11-06 06:00:00.000","7302"
"UPDT -  LEARY SYSTEM SHUTDOWN","FLF0 First Section-Prefold","3.05","R5","2022-11-06 18:00:00.000","7436A"
"Unplanned Downtime","FQ71 Skewed","3.066666666666667","R4","2022-11-05 19:00:00.000","7433"
"UPDT - Infeed Fast Stop Shutdown","PLD7 Printing Decks-Units -Non roll","3.0833333333333335","R4","2022-11-05 19:00:00.000","7303"
"UPDT - Delivery Stacker Fast Stop Shutdown - 1","PLZ0 Palletizer air table","3.1","R4","2022-11-05 19:00:00.000","7301"
"Unplanned Downtime","Q18 Detection- Ejection- Rej Sys","3.1166666666666667","R5","2022-11-06 18:00:00.000","7434"
"UPDT - Tower 3 Guard Open Fault","PQBT Tighten blankets","3.1333333333333333","Y5","2022-11-06 06:00:00.000","7303"
"UPDT - Tower 7 Guard Open Fault","PQPA Plate Scratch-Stain-Desensitiz","3.15","R4","2022-11-05 19:00:00.000","7302"
"UPDT -  HEIBER STOP COMMAND","FLA0 Auto Packer","3.183333333333333","R5","2022-11-06 18:00:00.000","7436A"
"Disabled","S00 Start-Up Shut-Down","3.183333333333333","Y4","2022-11-04 07:00:00.000","7435B"
"UPDT - Deck 4 Fault","S03 Start up shut down","3.2","R5","2022-11-06 18:00:00.000","7304"
"UPDT - Delivery Stacker Fast Stop Shutdown - 1","S03 Start up shut down","3.2","Y4","2022-11-04 07:00:00.000","7302"
"UPDT -  LEARY SYSTEM SHUTDOWN","FLW0 Automation - Robotics","3.2333333333333334","Y4","2022-11-05 07:00:00.000","7436B"
"UPDT - WW Tab Breaker","PLZ0 Palletizer air table","3.25","Y5","2022-11-06 06:00:00.000","7305"
"UPDT -  HEIBER STOP COMMAND","FLF3 Feed Section","3.2666666666666666","Y4","2022-11-04 07:00:00.000","7436B"
"Unplanned Downtime","Q18 Detection- Ejection- Rej Sys","3.283333333333333","R4","2022-11-05 19:00:00.000","7433"
"UPDT - Delivery Belts Fast Stop Shutdown - 1","PLS0 Delivery table jam","3.3","Y5","2022-11-06 06:00:00.000","7301"
"Unplanned Downtime","Unplanned Downtime","3.3","R4","2022-11-05 19:00:00.000","7436B"
"Unknown State","S03 Start up shut down","3.3333333333333335","R4","2022-11-04 19:00:00.000","7304"
"UPDT - WW Splicer","S03 Start up shut down","3.3833333333333333","R4","2022-11-04 19:00:00.000","7305"
"Unplanned Downtime","Unplanned Downtime","3.3833333333333333","R5","2022-11-06 18:00:00.000","7436B"
"UPDT - Tower 2 Guard Open Fault","PLRW Rollers metering chrome","3.433333333333333","Y4","2022-11-04 07:00:00.000","7303"
"UPDT - WW Splicer","S03 Start up shut down","3.5166666666666666","R5","2022-11-06 18:00:00.000","7305"
"UPDT - Delivery Stacker Fast Stop Shutdown - 1","S03 Start up shut down","3.533333333333333","R4","2022-11-04 19:00:00.000","7301"
"UPDT - Tower 7 Stop Button","PLX0 Flexo mech anilox-pattern roll","3.55","R4","2022-11-05 19:00:00.000","7302"
"UPDT -  HEIBER STOP COMMAND","FLA0 Auto Packer","3.566666666666667","Y5","2022-11-06 06:00:00.000","7436A"
"UPDT - Delivery Tab Breaker Jam Center","PLS0 Delivery table jam","3.5833333333333335","Y4","2022-11-05 07:00:00.000","7301"
"UPDT - WW Delivery","PLS0 Delivery table jam","3.6","Y4","2022-11-05 07:00:00.000","7305"
"UPDT - Delivery Stacker Fast Stop Shutdown - 1","PLS0 Delivery table jam","3.6166666666666667","Y4","2022-11-04 07:00:00.000","7302"
"UPDT - Coater Fast Stop","PQBT Tighten blankets","3.6333333333333333","R5","2022-11-06 18:00:00.000","7301"
"UPDT -  OP SIDE MATT TRIPPED","FLA0 Auto Packer","3.6666666666666665","R5","2022-11-06 18:00:00.000","7436A"
"UPDT - WW Delivery","PLS0 Delivery table jam","3.683333333333333","R4","2022-11-04 19:00:00.000","7305"
"UPDT - Delivery Stacker Fast Stop Shutdown - 1","S03 Start up shut down","3.683333333333333","R4","2022-11-04 19:00:00.000","7302"
"UPDT -  HEIBER STOP COMMAND","EQ01 Cello Wrap ups","3.7","Y4","2022-11-05 07:00:00.000","7435B"
"UPDT - Delivery Stacker Fast Stop Shutdown - 1","PQPA Plate Scratch-Stain-Desensitiz","3.7666666666666666","Y4","2022-11-05 07:00:00.000","7303"
"UPDT -  HEIBER STOP COMMAND","FLA0 Auto Packer","3.783333333333333","Y4","2022-11-04 07:00:00.000","7436B"
"UPDT -  OP SIDE LIGHT CURTAIN TRIPPED","FQ09 Bow - Warp - Curl","3.783333333333333","Y4","2022-11-04 07:00:00.000","7436A"
"UPDT -  OP SIDE LIGHT CURTAIN TRIPPED","Q18 Detection- Ejection- Rej Sys","3.8","Y4","2022-11-05 07:00:00.000","7435A"
"UPDT -  FEEDER E-STOP PRESSED","FLA0 Auto Packer","3.816666666666667","R5","2022-11-06 18:00:00.000","7436A"
"UPDT - WW Tab Breaker","PQ56 Off-Color-Density","3.816666666666667","Y4","2022-11-05 07:00:00.000","7304"
"UPDT - WW Tab Breaker","PQBT Tighten blankets","3.816666666666667","R4","2022-11-04 19:00:00.000","7305"
"UPDT - Delivery Table Jam - 1","PLS0 Delivery table jam","3.8833333333333333","Y4","2022-11-04 07:00:00.000","7302"
"UPDT - Deck 3 Fault","PLA0 Cassettes","3.95","Y5","2022-11-06 06:00:00.000","7304"
"UPDT -  HEIBER STOP COMMAND","FLW0 Automation - Robotics","3.966666666666667","Y4","2022-11-04 07:00:00.000","7435A"
"UPDT - Deck 5 Fault","PQPS Plate Change Sensitive","3.966666666666667","Y4","2022-11-04 07:00:00.000","7304"
"UPDT - Delivery Tab Breaker Fast Stop Shutdown","PQBT Tighten blankets","4.0","Y4","2022-11-05 07:00:00.000","7301"
"UPDT - Cutter Dancer Roller at Lower Limit","CLCS Die stripping-pins","4.05","R4","2022-11-05 19:00:00.000","7302"
"UPDT -  HEIBER STOP COMMAND","FLS0 Folding Section-2nd Section","4.05","Y5","2022-11-06 06:00:00.000","7436A"
"UPDT - WW Splicer","PLUU Rollstand infeed brakes","4.05","Y5","2022-11-06 06:00:00.000","7305"
"Unplanned Downtime","FQ23 Feed Problems","4.1","R4","2022-11-04 19:00:00.000","7434"
"UPDT - WW Outfeed","PLZ0 Palletizer air table","4.1","Y4","2022-11-05 07:00:00.000","7305"
"UPDT - Cutter Jam Num 3 Shutdown","PLS0 Delivery table jam","4.133333333333334","R5","2022-11-06 18:00:00.000","7302"
"UPDT -  HEIBER STOP COMMAND","FQ23 Feed Problems","4.15","R4","2022-11-05 19:00:00.000","7436B"
"UPDT - Infeed Splicer Prepared Shutdown","PQPB Plate Cracked","4.15","R4","2022-11-05 19:00:00.000","7301"
"UPDT - Delivery Belts Fast Stop Shutdown - 1","PLS0 Delivery table jam","4.166666666666667","R4","2022-11-04 19:00:00.000","7302"
"UPDT - Tower 6 Stop Button","PLS0 Delivery table jam","4.166666666666667","R4","2022-11-05 19:00:00.000","7302"
"UPDT -  HEIBER STOP COMMAND","FLA0 Auto Packer","4.2","Y5","2022-11-06 06:00:00.000","7435B"
"UPDT - Cutter Fast Stop Shutdown","PLS0 Delivery table jam","4.2","Y5","2022-11-06 06:00:00.000","7301"
"UPDT -  LEARY SYSTEM SHUTDOWN","FLF3 Feed Section","4.216666666666667","Y4","2022-11-04 07:00:00.000","7435B"
"UPDT -  OP SIDE MATT TRIPPED","FLS0 Folding Section-2nd Section","4.266666666666667","R5","2022-11-06 18:00:00.000","7436A"
"UPDT - Deck 7 Fault","PQPC Plate Clean","4.283333333333333","Y4","2022-11-04 07:00:00.000","7305"
"UPDT -  HEIBER STOP COMMAND","FLF3 Feed Section","4.3","Y4","2022-11-04 07:00:00.000","7436A"
"Unplanned Downtime","FLF3 Feed Section","4.316666666666666","Y5","2022-11-06 06:00:00.000","7434"
"UPDT -  HEIBER STOP COMMAND","FLA0 Auto Packer","4.366666666666666","R5","2022-11-06 18:00:00.000","7436B"
"UPDT - Tower 7 Stop Button","PLS0 Delivery table jam","4.366666666666666","R4","2022-11-04 19:00:00.000","7301"
"UPDT - Delivery Tab Breaker Fast Stop Shutdown","PQBW Blanket wash normal","4.366666666666666","R4","2022-11-04 19:00:00.000","7301"
"Unplanned Downtime","U00 Clean Up - Housekeeping","4.366666666666666","R4","2022-11-05 19:00:00.000","7435B"
"UPDT - WW Tab Breaker","PLS0 Delivery table jam","4.45","Y4","2022-11-05 07:00:00.000","7304"
"UPDT - Delivery Stacker Fast Stop Shutdown - 1","PQPA Plate Scratch-Stain-Desensitiz","4.466666666666667","Y5","2022-11-06 06:00:00.000","7301"
"UPDT -  LEARY SYSTEM SHUTDOWN","FLT0 Trombone Section","4.483333333333333","Y4","2022-11-05 07:00:00.000","7436B"
"UPDT -  LEARY SYSTEM SHUTDOWN","FLW0 Automation - Robotics","4.5","Y5","2022-11-06 06:00:00.000","7436A"
"UPDT - WW Delivery","LOE Electrical","4.533333333333333","Y4","2022-11-04 07:00:00.000","7305"
"UPDT -  HEIBER STOP COMMAND","FLF3 Feed Section","4.55","Y4","2022-11-05 07:00:00.000","7435A"
"UPDT - Delivery Stacker Fast Stop Shutdown - 1","PLS0 Delivery table jam","4.55","R4","2022-11-05 19:00:00.000","7302"
"UPDT - WW Coater","PLX0 Flexo mech anilox-pattern roll","4.633333333333334","Y4","2022-11-05 07:00:00.000","7305"
"UPDT - WW Tab Breaker","S03 Start up shut down","4.65","Y5","2022-11-06 06:00:00.000","7305"
"UPDT -  OP SIDE MATT TRIPPED","FLA0 Auto Packer","4.666666666666667","R4","2022-11-05 19:00:00.000","7436B"
"UPDT -  LEARY SYSTEM SHUTDOWN","FQ23 Feed Problems","4.666666666666667","R4","2022-11-04 19:00:00.000","7436B"
"UPDT - Delivery Table Jam - 1","PLS0 Delivery table jam","4.683333333333334","R5","2022-11-06 18:00:00.000","7302"
"Unplanned Downtime","SQO4 Wait on board","4.683333333333334","R4","2022-11-05 19:00:00.000","7434"
"UPDT - Delivery Stacker Fast Stop Shutdown - 1","S03 Start up shut down","4.7","R4","2022-11-05 19:00:00.000","7302"
"UPDT - Cutter Fast Stop Shutdown","PQ52 P-P register waste","4.8","Y4","2022-11-04 07:00:00.000","7302"
"UPDT -  OP SIDE MATT TRIPPED","FQ09 Bow - Warp - Curl","4.883333333333334","Y4","2022-11-05 07:00:00.000","7436A"
"UPDT - Cutter Dancer Roller at Lower Limit","PLX0 Flexo mech anilox-pattern roll","4.883333333333334","R4","2022-11-05 19:00:00.000","7302"
"UPDT - Delivery Tab Breaker Fast Stop Shutdown","PQPA Plate Scratch-Stain-Desensitiz","4.883333333333334","R4","2022-11-05 19:00:00.000","7301"
"UPDT - WW Delivery","PLS0 Delivery table jam","4.9","R5","2022-11-06 18:00:00.000","7305"
"UPDT - Deck 4 Fault","PQ52 P-P register waste","4.9","Y5","2022-11-06 06:00:00.000","7304"
"Unplanned Downtime","CQ04 Bent-Torn Flap-Cartn","4.916666666666667","R4","2022-11-05 19:00:00.000","7433"
"UPDT -  OP STATION E-STOP","FLA0 Auto Packer","4.916666666666667","Y4","2022-11-05 07:00:00.000","7435A"
"UPDT - Delivery Tab Breaker Fast Stop Shutdown","PLS0 Delivery table jam","4.916666666666667","Y4","2022-11-04 07:00:00.000","7301"
"UPDT - WW Splicer","PLS0 Delivery table jam","4.983333333333333","R4","2022-11-04 19:00:00.000","7305"
"UPDT - WW Cutter Nip","S03 Start up shut down","4.983333333333333","R5","2022-11-06 18:00:00.000","7305"
"UPDT -  HEIBER STOP COMMAND","VQ09 Bow-Warp Curl","5.0","Y5","2022-11-06 06:00:00.000","7435B"
"UPDT - WW Tab Breaker","S03 Start up shut down","5.033333333333333","Y4","2022-11-05 07:00:00.000","7305"
"Unplanned Downtime","FLC0 Compression Section","5.066666666666666","Y4","2022-11-04 07:00:00.000","7434"
"UPDT - Fallthrough - Printer","CQ51 P-C register waste","5.083333333333333","R4","2022-11-05 19:00:00.000","7303"
"UPDT - Tower 2 Guard Open Fault","PLRW Rollers metering chrome","5.1","R4","2022-11-05 19:00:00.000","7301"
"UPDT - Tower 5 Guard Open Fault","PQBS Blanket changed smashed","5.116666666666666","R4","2022-11-04 19:00:00.000","7303"
"UPDT - Deck 4 Fault","S03 Start up shut down","5.216666666666667","R4","2022-11-05 19:00:00.000","7304"
"UPDT -  OP STATION E-STOP","FLW0 Automation - Robotics","5.233333333333333","Y4","2022-11-04 07:00:00.000","7435A"
"UPDT -  OP SIDE MATT TRIPPED","FLP0 Packing Section","5.316666666666666","R5","2022-11-06 18:00:00.000","7436A"
"UPDT -  HEIBER STOP COMMAND","FLS0 Folding Section-2nd Section","5.316666666666666","Y4","2022-11-05 07:00:00.000","7436B"
"UPDT - Tower 4 Guard Open Fault","PQPB Plate Cracked","5.316666666666666","R4","2022-11-05 19:00:00.000","7301"
"UPDT - Cutter Dancer Roller at Lower Limit","CQ51 P-C register waste","5.333333333333333","Y4","2022-11-05 07:00:00.000","7302"
"UPDT -  LEARY SYSTEM SHUTDOWN","FLF3 Feed Section","5.35","Y4","2022-11-05 07:00:00.000","7436B"
"UPDT - Fallthrough - Printer","PQBS Blanket changed smashed","5.366666666666666","R4","2022-11-05 19:00:00.000","7303"
"Unplanned Downtime","Q19 Doubles","5.4","Y5","2022-11-06 06:00:00.000","7434"
"UPDT -  LEARY SYSTEM SHUTDOWN","U00 Clean Up - Housekeeping","5.4","R5","2022-11-06 18:00:00.000","7435A"
"Unplanned Downtime","FLP0 Packing Section","5.416666666666667","Y4","2022-11-04 07:00:00.000","7433"
"Unplanned Downtime","FLS0 Folding Section-2nd Section","5.433333333333334","Y5","2022-11-06 06:00:00.000","7433"
"UPDT - WW Cutter Nip","PQBW Blanket wash normal","5.433333333333334","Y4","2022-11-04 07:00:00.000","7304"
"UPDT -  LEARY SYSTEM SHUTDOWN","FLAB Flaps-  Bent- Torn","5.5","Y4","2022-11-05 07:00:00.000","7436A"
"UPDT - Delivery Tab Breaker Fast Stop Shutdown","PLX0 Flexo mech anilox-pattern roll","5.516666666666667","R4","2022-11-05 19:00:00.000","7302"
"UPDT -  HEIBER STOP COMMAND","WQ00 Automation breakdown","5.533333333333333","R4","2022-11-05 19:00:00.000","7436A"
"UPDT - Infeed Festoon Door Open Shutdown","UPDT - Infeed Festoon Door Open Shutdown","5.566666666666666","Y5","2022-11-06 06:00:00.000","7302"
"UPDT - Console Fast Stop","PLD7 Printing Decks-Units -Non roll","5.583333333333333","R4","2022-11-05 19:00:00.000","7303"
"UPDT - Delivery Tab Breaker Fast Stop Shutdown","PLS0 Delivery table jam","5.6","Y5","2022-11-06 06:00:00.000","7301"
"UPDT - Delivery Table Jam - 1","PLS0 Delivery table jam","5.616666666666666","R4","2022-11-04 19:00:00.000","7302"
"UPDT - Delivery Tab Breaker Fast Stop Shutdown","S03 Start up shut down","5.616666666666666","Y4","2022-11-04 07:00:00.000","7302"
"UPDT - Tower 2 Water Overload","PLRW Rollers metering chrome","5.65","Y4","2022-11-04 07:00:00.000","7303"
"Unplanned Downtime","Unplanned Downtime","5.666666666666667","Y4","2022-11-05 07:00:00.000","7433"
"UPDT - WW Tab Breaker","PQBW Blanket wash normal","5.733333333333333","Y4","2022-11-04 07:00:00.000","7304"
"Unplanned Downtime","S03 Start up shut down","5.766666666666667","Y4","2022-11-04 07:00:00.000","7434"
"UPDT - Console Fast Stop","CQCJ Die jam","5.783333333333333","R5","2022-11-06 18:00:00.000","7303"
"UPDT - Cutter Fast Stop Shutdown","PQL0 Color corrections","5.783333333333333","R4","2022-11-04 19:00:00.000","7301"
"UPDT - WW Tab Breaker","CQ04 Bent-Torn Flap-Cartn","5.816666666666666","Y4","2022-11-04 07:00:00.000","7304"
"UPDT - Cutter Fast Stop Shutdown","PLRN Tension control","5.816666666666666","Y5","2022-11-06 06:00:00.000","7302"
"Unplanned Downtime","FLF0 First Section-Prefold","5.883333333333334","R4","2022-11-05 19:00:00.000","7433"
"UPDT - Deck 2 Fault","PLRW Rollers metering chrome","5.9","R5","2022-11-06 18:00:00.000","7304"
"UPDT -  LEARY SYSTEM SHUTDOWN","FLT0 Trombone Section","5.916666666666667","Y4","2022-11-05 07:00:00.000","7435B"
"UPDT -  LEARY SYSTEM SHUTDOWN","FLF3 Feed Section","5.933333333333334","Y5","2022-11-06 06:00:00.000","7436A"
"Unplanned Downtime","S03 Start up shut down","5.966666666666667","Y5","2022-11-06 06:00:00.000","7434"
"UPDT - Deck 4 Fault","UPDT - Deck 4 Fault","6.0","R4","2022-11-05 19:00:00.000","7304"
"Unplanned Downtime","FLA0 Auto Packer","6.066666666666666","Y4","2022-11-04 07:00:00.000","7408"
"UPDT -  HEIBER STOP COMMAND","FLF3 Feed Section","6.1","Y5","2022-11-06 06:00:00.000","7435B"
"UPDT - WW Delivery","PLS0 Delivery table jam","6.1","R4","2022-11-05 19:00:00.000","7304"
"UPDT - WW Tab Breaker","UPDT - WW Tab Breaker","6.183333333333334","Y5","2022-11-06 06:00:00.000","7304"
"UPDT - WW Cutter","PLU0 Unwind","6.216666666666667","Y5","2022-11-06 06:00:00.000","7304"
"UPDT - WW Coater","PLV0 UV light bulb","6.25","Y4","2022-11-04 07:00:00.000","7305"
"UPDT -  LEARY SYSTEM SHUTDOWN","UPDT -  LEARY SYSTEM SHUTDOWN","6.283333333333333","R5","2022-11-06 18:00:00.000","7436A"
"UPDT -  HEIBER STOP COMMAND","FLA0 Auto Packer","6.366666666666666","R4","2022-11-05 19:00:00.000","7436A"
"UPDT - Tower 2 Guard Open Fault","PLRW Rollers metering chrome","6.383333333333334","Y4","2022-11-05 07:00:00.000","7303"
"Unplanned Downtime","Q18 Detection- Ejection- Rej Sys","6.4","Y4","2022-11-04 07:00:00.000","7408"
"UPDT - Fallthrough - Undefined","PLRW Rollers metering chrome","6.516666666666667","R4","2022-11-04 19:00:00.000","7301"
"UPDT -  OP SIDE MATT TRIPPED","WQ00 Automation breakdown","6.516666666666667","R4","2022-11-04 19:00:00.000","7436B"
"UPDT - Cutter Fast Stop Shutdown","PLS0 Delivery table jam","6.533333333333333","R4","2022-11-04 19:00:00.000","7301"
"UPDT - WW Delivery","PLS0 Delivery table jam","6.65","Y4","2022-11-04 07:00:00.000","7305"
"UPDT - Cutter Dancer Roller at Lower Limit","LOE Electrical","6.866666666666666","Y4","2022-11-05 07:00:00.000","7302"
"UPDT - WW Outfeed","PQU0 Manual Splice","7.066666666666666","Y5","2022-11-06 06:00:00.000","7305"
"UPDT - Console Fast Stop","PQBP Blanket washed board debris","7.083333333333333","R4","2022-11-04 19:00:00.000","7303"
"UPDT - WW Tab Breaker","PLL0 Microcolor","7.133333333333334","Y4","2022-11-04 07:00:00.000","7305"
"UPDT -  LEARY SYSTEM SHUTDOWN","FLF3 Feed Section","7.15","Y4","2022-11-04 07:00:00.000","7435A"
"UPDT - Delivery Stacker Fast Stop Shutdown - 1","PQBW Blanket wash normal","7.166666666666667","Y5","2022-11-06 06:00:00.000","7301"
"Unplanned Downtime","EQ01 Cello Wrap ups","7.2","Y5","2022-11-06 06:00:00.000","7434"
"Unplanned Downtime","FLF3 Feed Section","7.2","Y4","2022-11-05 07:00:00.000","7433"
"UPDT -  HEIBER STOP COMMAND","FLA0 Auto Packer","7.233333333333333","Y4","2022-11-04 07:00:00.000","7435B"
"Unplanned Downtime","FLF3 Feed Section","7.25","Y4","2022-11-04 07:00:00.000","7433"
"Unplanned Downtime","Q19 Doubles","7.25","R4","2022-11-04 19:00:00.000","7434"
"UPDT - Cutter Fast Stop Shutdown","PQPA Plate Scratch-Stain-Desensitiz","7.35","Y4","2022-11-05 07:00:00.000","7303"
"UPDT - Deck 5 Fault","PQBW Blanket wash normal","7.366666666666666","R4","2022-11-04 19:00:00.000","7304"
"UPDT -  LEARY SYSTEM SHUTDOWN","FLT0 Trombone Section","7.383333333333334","Y4","2022-11-05 07:00:00.000","7435A"
"Unplanned Downtime","FQ09 Bow - Warp - Curl","7.4","Y4","2022-11-04 07:00:00.000","7433"
"UPDT -  OP SIDE LIGHT CURTAIN TRIPPED","FLT0 Trombone Section","7.433333333333334","Y4","2022-11-05 07:00:00.000","7435A"
"UPDT - Deck 4 Fault","PQBW Blanket wash normal","7.483333333333333","R5","2022-11-06 18:00:00.000","7305"
"UPDT - Tower 6 Guard Open Fault","PQBW Blanket wash normal","7.483333333333333","R4","2022-11-05 19:00:00.000","7301"
"UPDT - Delivery Tab Breaker Fast Stop Shutdown","PQPB Plate Cracked","7.483333333333333","R4","2022-11-05 19:00:00.000","7301"
"UPDT - WW Delivery","PQ20 Dryed-In Ink","7.5","Y4","2022-11-04 07:00:00.000","7305"
"UPDT - WW Delivery","PLZ0 Palletizer air table","7.516666666666667","R4","2022-11-04 19:00:00.000","7305"
"UPDT - WW Coater","PQ56 Off-Color-Density","7.666666666666667","Y5","2022-11-06 06:00:00.000","7304"
"Unplanned Downtime","FLT0 Trombone Section","7.716666666666667","Y5","2022-11-06 06:00:00.000","7434"
"Unplanned Downtime","FLR0 Prefeed Section","7.733333333333333","Y4","2022-11-04 07:00:00.000","7433"
"UPDT - Deck 5 Fault","PLZ0 Palletizer air table","7.75","Y4","2022-11-05 07:00:00.000","7305"
"UPDT - Delivery Tab Breaker Fast Stop Shutdown","CQCJ Die jam","8.066666666666666","R5","2022-11-06 18:00:00.000","7303"
"UPDT -  HEIBER STOP COMMAND","FLW0 Automation - Robotics","8.066666666666666","Y4","2022-11-04 07:00:00.000","7435B"
"UPDT - WW Delivery","S03 Start up shut down","8.1","Y5","2022-11-06 06:00:00.000","7305"
"UPDT -  HEIBER STOP COMMAND","FLA0 Auto Packer","8.133333333333333","Y4","2022-11-05 07:00:00.000","7435B"
"UPDT - Tower 3 Stop Button","PQBS Blanket changed smashed","8.133333333333333","R4","2022-11-05 19:00:00.000","7303"
"UPDT - Delivery Table Jam - 1","PLS0 Delivery table jam","8.2","R4","2022-11-05 19:00:00.000","7302"
"Unplanned Downtime","LQ01 Adhesion-Loose Film","8.333333333333334","R4","2022-11-05 19:00:00.000","7433"
"Unplanned Downtime","U00 Clean Up - Housekeeping","8.333333333333334","Y4","2022-11-05 07:00:00.000","7434"
"UPDT -  LEARY SYSTEM SHUTDOWN","FEDR Feed Tear","8.366666666666667","R4","2022-11-04 19:00:00.000","7436A"
"UPDT - Delivery Stacker Fast Stop Shutdown - 1","PLS0 Delivery table jam","8.383333333333333","R4","2022-11-04 19:00:00.000","7302"
"UPDT - Die Encoder Failed to Run","PQPA Plate Scratch-Stain-Desensitiz","8.383333333333333","Y4","2022-11-05 07:00:00.000","7303"
"Unplanned Downtime","Q18 Detection- Ejection- Rej Sys","8.383333333333333","R4","2022-11-04 19:00:00.000","7434"
"UPDT - Deck 8 Fault","PQPS Plate Change Sensitive","8.416666666666666","R5","2022-11-06 18:00:00.000","7305"
"Unplanned Downtime","WQ00 Automation breakdown","8.433333333333334","Y5","2022-11-06 06:00:00.000","7433"
"UPDT - WW Delivery","PQPC Plate Clean","8.5","R5","2022-11-06 18:00:00.000","7305"
"Unplanned Downtime","FLT0 Trombone Section","8.533333333333333","R4","2022-11-05 19:00:00.000","7433"
"Unplanned Downtime","FQER Replace - Change Film","8.566666666666666","R5","2022-11-06 18:00:00.000","7434"
"UPDT - Deck 6 Fault","PQBW Blanket wash normal","8.716666666666667","R4","2022-11-05 19:00:00.000","7304"
"UPDT - Console Fast Stop","PQBS Blanket changed smashed","8.733333333333333","R4","2022-11-04 19:00:00.000","7301"
"Unplanned Downtime","VQ09 Bow-Warp Curl","8.783333333333333","Y4","2022-11-05 07:00:00.000","7434"
"UPDT - Cutter Fast Stop Shutdown","CQCJ Die jam","8.883333333333333","R5","2022-11-06 18:00:00.000","7303"
"UPDT - Fallthrough - Infeed","PQPA Plate Scratch-Stain-Desensitiz","8.9","R4","2022-11-05 19:00:00.000","7301"
"UPDT - WW Tab Breaker","PQBS Blanket changed smashed","8.966666666666667","R4","2022-11-04 19:00:00.000","7305"
"Unplanned Downtime","FLAB Flaps-  Bent- Torn","9.2","R4","2022-11-05 19:00:00.000","7433"
"UPDT - WW Delivery","PLS0 Delivery table jam","9.216666666666667","Y5","2022-11-06 06:00:00.000","7304"
"UPDT -  OP SIDE MATT TRIPPED","WQ00 Automation breakdown","9.233333333333333","R4","2022-11-04 19:00:00.000","7436A"
"Unplanned Downtime","FEDR Feed Tear","9.283333333333333","R4","2022-11-05 19:00:00.000","7433"
"UPDT - Delivery Tab Breaker Fast Stop Shutdown","PQBW Blanket wash normal","9.3","Y4","2022-11-04 07:00:00.000","7301"
"UPDT - WW Coater","PQBS Blanket changed smashed","9.333333333333334","R4","2022-11-04 19:00:00.000","7304"
"UPDT - Deck 5 Fault","PQPS Plate Change Sensitive","9.35","R4","2022-11-05 19:00:00.000","7305"
"UPDT - Delivery Stacker Fast Stop Shutdown - 1","PLS0 Delivery table jam","9.383333333333333","Y5","2022-11-06 06:00:00.000","7302"
"UPDT - Infeed Festoon Door Open Shutdown","PQU1 Web Break Splice","9.416666666666666","Y4","2022-11-04 07:00:00.000","7301"
"UPDT - Deck 7 Fault","PLZ0 Palletizer air table","9.55","Y4","2022-11-05 07:00:00.000","7305"
"UPDT -  HEIBER STOP COMMAND","FLF0 First Section-Prefold","9.616666666666667","Y5","2022-11-06 06:00:00.000","7436A"
"UPDT - Cutter Fast Stop Shutdown","PQBS Blanket changed smashed","9.65","R4","2022-11-04 19:00:00.000","7303"
"UPDT - Control Normal Stop Shutdown","PLL0 Microcolor","9.716666666666667","R4","2022-11-05 19:00:00.000","7303"
"UPDT - Delivery Tab Breaker Fast Stop Shutdown","CLCS Die stripping-pins","9.8","Y5","2022-11-06 06:00:00.000","7302"
"UPDT - Delivery Stacker Fast Stop Shutdown - 1","PQPA Plate Scratch-Stain-Desensitiz","9.816666666666666","R4","2022-11-05 19:00:00.000","7302"
"Unplanned Downtime","U00 Clean Up - Housekeeping","9.833333333333334","Y4","2022-11-05 07:00:00.000","7435B"
"UPDT - Deck 5 Fault","PQBS Blanket changed smashed","9.85","Y4","2022-11-04 07:00:00.000","7304"
"UPDT - WW Tab Breaker","PLL0 Microcolor","9.95","Y4","2022-11-05 07:00:00.000","7305"
"UPDT - WW Cutter Nip","PQBW Blanket wash normal","9.966666666666667","R4","2022-11-05 19:00:00.000","7304"
"UPDT - WW Coater","PLX0 Flexo mech anilox-pattern roll","10.0","Y4","2022-11-04 07:00:00.000","7304"
"UPDT - Delivery Tab Breaker Fast Stop Shutdown","PQPA Plate Scratch-Stain-Desensitiz","10.033333333333333","R5","2022-11-06 18:00:00.000","7301"
"UPDT - Delivery Belts Fast Stop Shutdown - 1","PLS0 Delivery table jam","10.066666666666666","R4","2022-11-05 19:00:00.000","7302"
"UPDT - Deck 7 Fault","CQ51 P-C register waste","10.083333333333334","Y5","2022-11-06 06:00:00.000","7305"
"Unplanned Downtime","FLW0 Automation - Robotics","10.083333333333334","R5","2022-11-06 18:00:00.000","7434"
"UPDT - Delivery Tab Breaker Fast Stop Shutdown","PQPB Plate Cracked","10.2","R4","2022-11-04 19:00:00.000","7303"
"UPDT -  LEARY SYSTEM SHUTDOWN","WQ00 Automation breakdown","10.266666666666667","R5","2022-11-06 18:00:00.000","7436A"
"UPDT - WW Tab Breaker","PLX0 Flexo mech anilox-pattern roll","10.383333333333333","R4","2022-11-04 19:00:00.000","7304"
"UPDT - Deck 7 Fault","PQBS Blanket changed smashed","10.466666666666667","Y5","2022-11-06 06:00:00.000","7305"
"UPDT - Console Fast Stop","CQ64 Incomplete-poor Cutting","10.483333333333333","Y5","2022-11-06 06:00:00.000","7301"
"UPDT - WW Cutter Nip","PQU1 Web Break Splice","10.516666666666667","Y4","2022-11-04 07:00:00.000","7304"
"UPDT - Console Fast Stop","PQPB Plate Cracked","10.65","R4","2022-11-05 19:00:00.000","7301"
"UPDT -  HEIBER STOP COMMAND","FLF0 First Section-Prefold","10.666666666666666","Y5","2022-11-06 06:00:00.000","7436B"
"UPDT - Control Normal Stop Shutdown","PQPS Plate Change Sensitive","10.683333333333334","Y4","2022-11-04 07:00:00.000","7303"
"UPDT - WW Tab Breaker","CQ59 Pin Holes","10.733333333333333","R4","2022-11-04 19:00:00.000","7304"
"UPDT - Delivery Stacker Fast Stop Shutdown - 1","PQPB Plate Cracked","10.766666666666667","R4","2022-11-05 19:00:00.000","7303"
"UPDT - WW Delivery","PLZ0 Palletizer air table","10.883333333333333","Y4","2022-11-04 07:00:00.000","7305"
"UPDT - WW Delivery","S03 Start up shut down","10.9","R4","2022-11-05 19:00:00.000","7304"
"Unplanned Downtime","FLS1 Stack Turner","10.933333333333334","R4","2022-11-05 19:00:00.000","7433"
"Unplanned Downtime","FLT0 Trombone Section","10.933333333333334","Y4","2022-11-05 07:00:00.000","7435B"
"UPDT - Delivery Stacker Fast Stop Shutdown - 1","PQBW Blanket wash normal","11.0","R4","2022-11-04 19:00:00.000","7301"
"UPDT - WW Delivery","PQBS Blanket changed smashed","11.016666666666667","Y4","2022-11-04 07:00:00.000","7304"
"UPDT - Control Normal Stop Shutdown","CQ64 Incomplete-poor Cutting","11.05","R4","2022-11-05 19:00:00.000","7303"
"UPDT - Delivery Tab Breaker Fast Stop Shutdown","PQBS Blanket changed smashed","11.133333333333333","Y4","2022-11-04 07:00:00.000","7301"
"UPDT -  HEIBER STOP COMMAND","S00 Start-Up Shut-Down","11.15","Y4","2022-11-05 07:00:00.000","7436A"
"UPDT - WW Delivery","LOM Mechanical","11.166666666666666","R5","2022-11-06 18:00:00.000","7304"
"UPDT - Delivery Belts Fast Stop Shutdown - 1","PQPA Plate Scratch-Stain-Desensitiz","11.166666666666666","R4","2022-11-05 19:00:00.000","7302"
"UPDT - Delivery Tab Breaker Fast Stop Shutdown","CQCJ Die jam","11.25","R4","2022-11-04 19:00:00.000","7303"
"UPDT -  HEIBER STOP COMMAND","FLA0 Auto Packer","11.3","Y4","2022-11-05 07:00:00.000","7436A"
"UPDT - Tower 7 Stop Button","CQ51 P-C register waste","11.316666666666666","R4","2022-11-05 19:00:00.000","7303"
"UPDT - WW Tab Breaker","UPDT - WW Tab Breaker","11.333333333333334","R4","2022-11-05 19:00:00.000","7304"
"Unplanned Downtime","FLA0 Auto Packer","11.4","R5","2022-11-06 18:00:00.000","7434"
"UPDT -  HEIBER STOP COMMAND","FLW0 Automation - Robotics","11.416666666666666","Y5","2022-11-06 06:00:00.000","7436B"
"UPDT - WW Tab Breaker","PLZ0 Palletizer air table","11.483333333333333","Y4","2022-11-05 07:00:00.000","7305"
"Unplanned Downtime","FLS0 Folding Section-2nd Section","11.516666666666667","Y4","2022-11-05 07:00:00.000","7433"
"UPDT - WW Outfeed","PLS0 Delivery table jam","11.55","Y4","2022-11-05 07:00:00.000","7305"
"UPDT - Delivery Table Jam - 1","PLS0 Delivery table jam","11.583333333333334","Y5","2022-11-06 06:00:00.000","7302"
"UPDT - WW Delivery","PQFG Sort press defect","11.716666666666667","R5","2022-11-06 18:00:00.000","7305"
"UPDT - Deck 4 Fault","PQBO Blanket Wash Other","11.733333333333333","R4","2022-11-05 19:00:00.000","7304"
"UPDT - Fallthrough - Printer","PQPB Plate Cracked","11.733333333333333","Y4","2022-11-05 07:00:00.000","7301"
"UPDT - Control Desk Fast Stop Shutdown - 1","PQBW Blanket wash normal","11.916666666666666","Y4","2022-11-05 07:00:00.000","7301"
"UPDT -  HEIBER STOP COMMAND","FLA0 Auto Packer","12.1","Y5","2022-11-06 06:00:00.000","7436B"
"UPDT -  HEIBER STOP COMMAND","FEDR Feed Tear","12.15","R4","2022-11-04 19:00:00.000","7436B"
"UPDT - Control Normal Stop Shutdown","CQ16 Die other","12.166666666666666","R5","2022-11-06 18:00:00.000","7303"
"Unplanned Downtime","FQ23 Feed Problems","12.183333333333334","R5","2022-11-06 18:00:00.000","7434"
"UPDT - WW Tab Breaker","CQ51 P-C register waste","12.2","Y4","2022-11-04 07:00:00.000","7305"
"UPDT - Console Fast Stop","CQ64 Incomplete-poor Cutting","12.233333333333333","R4","2022-11-04 19:00:00.000","7303"
"Unplanned Downtime","Unplanned Downtime","12.25","Y4","2022-11-04 07:00:00.000","7433"
"UPDT - Delivery Tab Breaker Fast Stop Shutdown","PQPA Plate Scratch-Stain-Desensitiz","12.316666666666666","Y4","2022-11-05 07:00:00.000","7303"
"UPDT -  HEIBER STOP COMMAND","FLW0 Automation - Robotics","12.5","Y4","2022-11-05 07:00:00.000","7436B"
"Unplanned Downtime","FLF3 Feed Section","12.583333333333334","Y4","2022-11-04 07:00:00.000","7408"
"UPDT - Printer Fast Stop Shutdown","PQBW Blanket wash normal","12.583333333333334","Y4","2022-11-05 07:00:00.000","7301"
"UPDT -  SPEED PROX FAULT","UPDT -  SPEED PROX FAULT","12.616666666666667","R5","2022-11-06 18:00:00.000","7436A"
"UPDT - WW Tab Breaker","CQ16 Die other","12.75","Y4","2022-11-04 07:00:00.000","7304"
"UPDT -  HEIBER STOP COMMAND","FLF3 Feed Section","12.75","Y4","2022-11-05 07:00:00.000","7436A"
"UPDT - Deck 6 Fault","PQBW Blanket wash normal","12.816666666666666","R5","2022-11-06 18:00:00.000","7304"
"UPDT - WW Splicer","PQU1 Web Break Splice","12.833333333333334","R5","2022-11-06 18:00:00.000","7304"
"UPDT - Console Normal Stop","PQBP Blanket washed board debris","13.166666666666666","R4","2022-11-05 19:00:00.000","7303"
"Unplanned Downtime","CQ04 Bent-Torn Flap-Cartn","13.2","R5","2022-11-06 18:00:00.000","7433"
"UPDT - WW Tab Breaker","PQBW Blanket wash normal","13.216666666666667","R4","2022-11-04 19:00:00.000","7305"
"UPDT - Delivery Tab Breaker Fast Stop Shutdown","PLRF Rollers forms","13.283333333333333","R4","2022-11-05 19:00:00.000","7303"
"UPDT - Delivery Stacker Fast Stop Shutdown - 1","PLD4 Printing Decks-Units -Non roll","13.333333333333334","R5","2022-11-06 18:00:00.000","7301"
"UPDT - Control Normal Stop Shutdown","CQCJ Die jam","13.666666666666666","R5","2022-11-06 18:00:00.000","7303"
"UPDT - Printer Fast Stop Shutdown","PQPA Plate Scratch-Stain-Desensitiz","13.883333333333333","R4","2022-11-04 19:00:00.000","7303"
"UPDT - WW Tab Breaker","PQPS Plate Change Sensitive","14.05","R4","2022-11-04 19:00:00.000","7305"
"Unplanned Downtime","FLT0 Trombone Section","14.083333333333334","Y5","2022-11-06 06:00:00.000","7433"
"UPDT - WW Delivery","PQPO Plate Change Other","14.333333333333334","Y4","2022-11-04 07:00:00.000","7305"
"UPDT -  HEIBER STOP COMMAND","FLA0 Auto Packer","14.5","Y4","2022-11-05 07:00:00.000","7436B"
"UPDT - WW Delivery","PLX0 Flexo mech anilox-pattern roll","14.55","Y5","2022-11-06 06:00:00.000","7305"
"UPDT - Console Fast Stop","PQBW Blanket wash normal","14.55","Y4","2022-11-05 07:00:00.000","7301"
"UPDT - Deck 6 Fault","PQPA Plate Scratch-Stain-Desensitiz","14.583333333333334","Y4","2022-11-05 07:00:00.000","7305"
"UPDT -  OP SIDE MATT TRIPPED","FLW0 Automation - Robotics","14.75","Y5","2022-11-06 06:00:00.000","7436B"
"UPDT - Tower 1 Stop Button","PQU0 Manual Splice","14.783333333333333","Y4","2022-11-04 07:00:00.000","7301"
"UPDT -  HEIBER STOP COMMAND","FLA0 Auto Packer","14.85","Y4","2022-11-05 07:00:00.000","7435A"
"UPDT - WW Delivery","LOE Electrical","14.866666666666667","R4","2022-11-04 19:00:00.000","7305"
"UPDT - Infeed Festoon Upper Limit Shutdown","PQU1 Web Break Splice","15.216666666666667","Y5","2022-11-06 06:00:00.000","7302"
"UPDT - Tower 3 Guard Open Fault","PQPA Plate Scratch-Stain-Desensitiz","15.283333333333333","Y4","2022-11-04 07:00:00.000","7303"
"UPDT - Console Fast Stop","PQPA Plate Scratch-Stain-Desensitiz","15.366666666666667","Y4","2022-11-04 07:00:00.000","7301"
"UPDT -  HEIBER STOP COMMAND","FLW0 Automation - Robotics","15.483333333333333","Y5","2022-11-06 06:00:00.000","7435B"
"UPDT - WW Delivery","PLS0 Delivery table jam","15.6","Y4","2022-11-04 07:00:00.000","7304"
"UPDT - Delivery Stacker Fast Stop Shutdown - 1","PQPC Plate Clean","15.633333333333333","R5","2022-11-06 18:00:00.000","7301"
"UPDT - Delivery Stacker Fast Stop Shutdown - 1","PQBW Blanket wash normal","15.65","Y5","2022-11-06 06:00:00.000","7302"
"UPDT - WW Delivery","S03 Start up shut down","15.683333333333334","R5","2022-11-06 18:00:00.000","7305"
"UPDT - Console Normal Stop","PQPB Plate Cracked","15.7","Y5","2022-11-06 06:00:00.000","7303"
"UPDT - Delivery Stacker Fast Stop Shutdown - 1","PQPS Plate Change Sensitive","15.816666666666666","Y5","2022-11-06 06:00:00.000","7302"
"UPDT - Control Normal Stop Shutdown","PQPO Plate Change Other","15.833333333333334","R4","2022-11-04 19:00:00.000","7301"
"UPDT - WW Tab Breaker","PQFG Sort press defect","16.016666666666666","R4","2022-11-04 19:00:00.000","7304"
"Unplanned Downtime","U00 Clean Up - Housekeeping","16.233333333333334","Y4","2022-11-05 07:00:00.000","7433"
"Unplanned Downtime","S03 Start up shut down","16.266666666666666","Y5","2022-11-06 06:00:00.000","7433"
"UPDT - Printer Fast Stop Shutdown","PQPS Plate Change Sensitive","16.3","Y5","2022-11-06 06:00:00.000","7303"
"UPDT - WW Tab Breaker","S03 Start up shut down","16.3","R5","2022-11-06 18:00:00.000","7305"
"UPDT - Cutter Fast Stop Shutdown","PQU0 Manual Splice","16.35","Y4","2022-11-04 07:00:00.000","7303"
"UPDT - Cutter Fast Stop Shutdown","CQ51 P-C register waste","16.683333333333334","Y4","2022-11-05 07:00:00.000","7302"
"UPDT -  OP STATION E-STOP","FLT0 Trombone Section","16.716666666666665","Y4","2022-11-05 07:00:00.000","7435A"
"UPDT - Delivery Tab Breaker Jam Operator Side - 1","PLS0 Delivery table jam","16.866666666666667","Y4","2022-11-04 07:00:00.000","7301"
"UPDT - WW Cutter Nip","CLNC Reg P-C maint required","17.0","Y5","2022-11-06 06:00:00.000","7304"
"Unplanned Downtime","FLF3 Feed Section","17.383333333333333","Y5","2022-11-06 06:00:00.000","7433"
"UPDT - Tower 5 Stop Button","PQPB Plate Cracked","17.45","R4","2022-11-05 19:00:00.000","7303"
"UPDT - Delivery Stacker Fast Stop Shutdown - 1","PQBS Blanket changed smashed","17.533333333333335","Y5","2022-11-06 06:00:00.000","7303"
"UPDT - Tower 2 Guard Open Fault","PQPA Plate Scratch-Stain-Desensitiz","17.533333333333335","Y4","2022-11-05 07:00:00.000","7303"
"UPDT - Console Normal Stop","PQPB Plate Cracked","17.566666666666666","R5","2022-11-06 18:00:00.000","7303"
"UPDT - Deck 7 Fault","PQPO Plate Change Other","17.666666666666668","R4","2022-11-04 19:00:00.000","7304"
"UPDT - WW Splicer","PQU1 Web Break Splice","17.733333333333334","R5","2022-11-06 18:00:00.000","7305"
"UPDT - Delivery Stacker Fast Stop Shutdown - 1","PQPB Plate Cracked","17.816666666666666","Y4","2022-11-05 07:00:00.000","7303"
"UPDT - Delivery Tab Breaker Fast Stop Shutdown","CQ51 P-C register waste","17.866666666666667","Y4","2022-11-05 07:00:00.000","7302"
"UPDT -  LEARY SYSTEM SHUTDOWN","FQ23 Feed Problems","18.0","R4","2022-11-04 19:00:00.000","7436A"
"UPDT -  HEIBER STOP COMMAND","FQ23 Feed Problems","18.133333333333333","R4","2022-11-04 19:00:00.000","7436B"
"UPDT - Delivery Tab Breaker Fast Stop Shutdown","PQPB Plate Cracked","18.4","Y5","2022-11-06 06:00:00.000","7301"
"UPDT - Console Fast Stop","SQ04 Waiting on Material - Board","18.416666666666668","Y5","2022-11-06 06:00:00.000","7301"
"UPDT -  HEIBER STOP COMMAND","FLA0 Auto Packer","18.433333333333334","Y4","2022-11-04 07:00:00.000","7435A"
"UPDT - Delivery Stacker Fast Stop Shutdown - 1","PLZ0 Palletizer air table","18.583333333333332","R4","2022-11-04 19:00:00.000","7301"
"UPDT - Deck 5 Fault","PQ34 Ink Bleed","18.666666666666668","Y4","2022-11-05 07:00:00.000","7305"
"UPDT - Delivery Tab Breaker Fast Stop Shutdown","LOE Electrical","18.716666666666665","Y4","2022-11-05 07:00:00.000","7302"
"UPDT - Tower 3 Stop Button","PQPA Plate Scratch-Stain-Desensitiz","18.816666666666666","R4","2022-11-04 19:00:00.000","7302"
"UPDT - Console Fast Stop","PQPC Plate Clean","18.816666666666666","Y4","2022-11-05 07:00:00.000","7301"
"UPDT - WW Delivery","VQQ0 Defective material board","18.833333333333332","Y5","2022-11-06 06:00:00.000","7305"
"UPDT - Console Fast Stop","PQBS Blanket changed smashed","18.85","Y4","2022-11-05 07:00:00.000","7301"
"UPDT - Fallthrough - Undefined","PQPB Plate Cracked","19.033333333333335","R5","2022-11-06 18:00:00.000","7303"
"UPDT - WW Delivery","PQPB Plate Cracked","19.066666666666666","Y4","2022-11-04 07:00:00.000","7305"
"UPDT - Delivery Table Jam - 1","PQPS Plate Change Sensitive","19.133333333333333","Y4","2022-11-05 07:00:00.000","7302"
"UPDT - Delivery Tab Breaker Fast Stop Shutdown","PQPS Plate Change Sensitive","19.15","Y4","2022-11-04 07:00:00.000","7302"
"UPDT - Delivery Tab Breaker Fast Stop Shutdown","PLS0 Delivery table jam","19.183333333333334","Y4","2022-11-05 07:00:00.000","7301"
"UPDT - WW Splicer","PQU1 Web Break Splice","19.45","Y5","2022-11-06 06:00:00.000","7304"
"Unplanned Downtime","FLA0 Auto Packer","19.6","Y4","2022-11-05 07:00:00.000","7433"
"Unplanned Downtime","FLC0 Compression Section","19.683333333333334","R5","2022-11-06 18:00:00.000","7433"
"UPDT - Delivery Stacker Fast Stop Shutdown - 1","PQPB Plate Cracked","19.783333333333335","R4","2022-11-04 19:00:00.000","7303"
"Unplanned Downtime","S00 Start-Up Shut-Down","19.8","R4","2022-11-04 19:00:00.000","7434"
"UPDT -  LEARY SYSTEM SHUTDOWN","FQ23 Feed Problems","19.816666666666666","R4","2022-11-05 19:00:00.000","7436A"
"UPDT - WW Cutter Nip","PLX0 Flexo mech anilox-pattern roll","19.883333333333333","Y4","2022-11-05 07:00:00.000","7305"
"UPDT - Delivery Tab Breaker Fast Stop Shutdown","PQBW Blanket wash normal","19.9","Y4","2022-11-04 07:00:00.000","7302"
"UPDT - Delivery Tab Breaker Fast Stop Shutdown","CQCP Change Broken Pins","19.95","Y5","2022-11-06 06:00:00.000","7302"
"UPDT - Fallthrough - Undefined","PQPB Plate Cracked","20.033333333333335","Y5","2022-11-06 06:00:00.000","7303"
"UPDT - Delivery Belts Fast Stop Shutdown - 1","PLX0 Flexo mech anilox-pattern roll","20.05","R4","2022-11-05 19:00:00.000","7302"
"Unplanned Downtime","FLT0 Trombone Section","20.283333333333335","R5","2022-11-06 18:00:00.000","7433"
"UPDT -  HEIBER STOP COMMAND","FLDL Leary failure","20.35","Y5","2022-11-06 06:00:00.000","7436B"
"UPDT - Cutter Dancer Roller at Upper Limit","PQU0 Manual Splice","20.4","Y4","2022-11-04 07:00:00.000","7301"
"UPDT -  HEIBER STOP COMMAND","FQ09 Bow - Warp - Curl","20.483333333333334","Y4","2022-11-05 07:00:00.000","7436B"
"UPDT - Control Desk Fast Stop Shutdown - 1","CLCS Die stripping-pins","20.966666666666665","R4","2022-11-05 19:00:00.000","7302"
"UPDT - Infeed Festoon Door Open Shutdown","PQU1 Web Break Splice","21.0","R4","2022-11-05 19:00:00.000","7301"
"UPDT - Tower 7 Stop Button","PQU0 Manual Splice","21.033333333333335","Y4","2022-11-04 07:00:00.000","7301"
"UPDT - WW Tab Breaker","PQBW Blanket wash normal","21.183333333333334","Y5","2022-11-06 06:00:00.000","7304"
"UPDT - Delivery Stacker Fast Stop Shutdown - 1","PQBP Blanket washed board debris","21.266666666666666","Y4","2022-11-04 07:00:00.000","7303"
"UPDT - Cutter Dancer Roller at Lower Limit","PLS0 Delivery table jam","21.333333333333332","R4","2022-11-05 19:00:00.000","7302"
"UPDT - WW Tab Breaker","PQBS Blanket changed smashed","21.466666666666665","R4","2022-11-05 19:00:00.000","7304"
"UPDT - Console Normal Stop","PQU0 Manual Splice","21.633333333333333","R4","2022-11-05 19:00:00.000","7303"
"Unplanned Downtime","U00 Clean Up - Housekeeping","21.666666666666668","R4","2022-11-04 19:00:00.000","7434"
"Unplanned Downtime","FLF3 Feed Section","21.9","R4","2022-11-05 19:00:00.000","7433"
"UPDT -  HEIBER STOP COMMAND","WQ00 Automation breakdown","22.1","R4","2022-11-05 19:00:00.000","7436B"
"UPDT -  HEIBER STOP COMMAND","FLW0 Automation - Robotics","22.116666666666667","Y4","2022-11-05 07:00:00.000","7436A"
"UPDT -  HEIBER STOP COMMAND","WQ00 Automation breakdown","22.266666666666666","R5","2022-11-06 18:00:00.000","7436B"
"UPDT - Console Normal Stop","LOE Electrical","22.466666666666665","Y4","2022-11-05 07:00:00.000","7302"
"UPDT - Deck 3 Fault","PQU1 Web Break Splice","22.483333333333334","Y4","2022-11-04 07:00:00.000","7304"
"UPDT - Cutter Dancer Roller at Lower Limit","PLRN Tension control","22.533333333333335","Y5","2022-11-06 06:00:00.000","7302"
"UPDT - WW Tab Breaker","PQPA Plate Scratch-Stain-Desensitiz","22.566666666666666","Y4","2022-11-05 07:00:00.000","7305"
"UPDT - Deck 2 Fault","PQU0 Manual Splice","22.716666666666665","Y5","2022-11-06 06:00:00.000","7305"
"UPDT - Infeed Dancer Lower Limit Shutdown","PQU1 Web Break Splice","22.733333333333334","Y4","2022-11-04 07:00:00.000","7302"
"UPDT - WW Tab Breaker","PQPA Plate Scratch-Stain-Desensitiz","23.166666666666668","Y5","2022-11-06 06:00:00.000","7305"
"UPDT - WW Delivery","LOM Mechanical","23.25","R4","2022-11-04 19:00:00.000","7305"
"UPDT - WW Delivery","PQPS Plate Change Sensitive","23.3","R4","2022-11-05 19:00:00.000","7305"
"UPDT - Delivery Tab Breaker Fast Stop Shutdown","PLRN Tension control","23.816666666666666","Y5","2022-11-06 06:00:00.000","7302"
"UPDT - Deck 8 Fault","PQU0 Manual Splice","23.933333333333334","Y5","2022-11-06 06:00:00.000","7305"
"UPDT -  HEIBER STOP COMMAND","C00 Line Clearance","23.966666666666665","Y5","2022-11-06 06:00:00.000","7436B"
"Unplanned Downtime","FLS0 Folding Section-2nd Section","23.966666666666665","Y4","2022-11-04 07:00:00.000","7433"
"Unplanned Downtime","S00 Start-Up Shut-Down","24.05","R5","2022-11-06 18:00:00.000","7434"
"UPDT - WW Tab Breaker","PQPA Plate Scratch-Stain-Desensitiz","24.883333333333333","R5","2022-11-06 18:00:00.000","7304"
"UPDT -  LEARY SYSTEM SHUTDOWN","FLA0 Auto Packer","25.033333333333335","R5","2022-11-06 18:00:00.000","7436A"
"UPDT - WW Delivery","CQ64 Incomplete-poor Cutting","25.05","Y4","2022-11-04 07:00:00.000","7304"
"UPDT -  HEIBER STOP COMMAND","WQ00 Automation breakdown","25.866666666666667","R4","2022-11-04 19:00:00.000","7436B"
"UPDT - Console Fast Stop","PQPA Plate Scratch-Stain-Desensitiz","26.0","R4","2022-11-05 19:00:00.000","7303"
"UPDT -  HEIBER STOP COMMAND","FLF3 Feed Section","26.016666666666666","Y4","2022-11-05 07:00:00.000","7436B"
"Unplanned Downtime","Q18 Detection- Ejection- Rej Sys","26.016666666666666","Y5","2022-11-06 06:00:00.000","7434"
"UPDT - WW Delivery","PQFG Sort press defect","26.35","Y4","2022-11-05 07:00:00.000","7304"
"UPDT -  HEIBER STOP COMMAND","C00 Line Clearance","26.533333333333335","Y4","2022-11-04 07:00:00.000","7435A"
"Unplanned Downtime","VQ09 Bow-Warp Curl","26.55","R4","2022-11-05 19:00:00.000","7433"
"UPDT - Printer Fast Stop Shutdown","LOM Mechanical","27.033333333333335","R5","2022-11-06 18:00:00.000","7301"
"UPDT - Deck 5 Fault","PQU1 Web Break Splice","27.55","R4","2022-11-04 19:00:00.000","7304"
"Unplanned Downtime","B01 Labor shortage","27.666666666666668","Y5","2022-11-06 06:00:00.000","7434"
"UPDT - WW Delivery","PQPR Plate Change Register","27.833333333333332","Y4","2022-11-04 07:00:00.000","7304"
"UPDT - WW Coater","CLNC Reg P-C maint required","28.333333333333332","Y5","2022-11-06 06:00:00.000","7304"
"UPDT - Fallthrough - Undefined","PQBW Blanket wash normal","28.466666666666665","R4","2022-11-05 19:00:00.000","7301"
"UPDT - WW Tab Breaker","PQPS Plate Change Sensitive","28.583333333333332","R4","2022-11-05 19:00:00.000","7305"
"UPDT - WW Tab Breaker","S03 Start up shut down","28.816666666666666","R4","2022-11-04 19:00:00.000","7305"
"UPDT - WW Tab Breaker","PQFG Sort press defect","28.9","Y4","2022-11-04 07:00:00.000","7304"
"UPDT - Delivery Table Jam - 1","PLS0 Delivery table jam","28.95","Y4","2022-11-05 07:00:00.000","7302"
"UPDT - WW Delivery","PLZ0 Palletizer air table","29.3","R4","2022-11-05 19:00:00.000","7305"
"UPDT - WW Splicer","VQQ0 Defective material board","29.55","Y4","2022-11-05 07:00:00.000","7304"
"UPDT - Delivery Tab Breaker Fast Stop Shutdown","PLS0 Delivery table jam","30.0","R5","2022-11-06 18:00:00.000","7302"
"UPDT -  HEIBER STOP COMMAND","C00 Line Clearance","30.066666666666666","R4","2022-11-04 19:00:00.000","7436A"
"UPDT - Fallthrough - Undefined","PLS0 Delivery table jam","30.216666666666665","R5","2022-11-06 18:00:00.000","7301"
"UPDT - Delivery Tab Breaker Fast Stop Shutdown","CLCS Die stripping-pins","30.316666666666666","R4","2022-11-05 19:00:00.000","7302"
"UPDT - Tower 8 Stop Button","PQPA Plate Scratch-Stain-Desensitiz","30.333333333333332","R4","2022-11-05 19:00:00.000","7302"
"UPDT - Console Fast Stop","PQBP Blanket washed board debris","30.75","Y4","2022-11-04 07:00:00.000","7303"
"UPDT - Fallthrough - Printer","PQPB Plate Cracked","30.8","R5","2022-11-06 18:00:00.000","7303"
"Unplanned Downtime","FQ23 Feed Problems","30.85","Y4","2022-11-04 07:00:00.000","7408"
"Unplanned Downtime","FLP0 Packing Section","30.866666666666667","Y4","2022-11-04 07:00:00.000","7434"
"UPDT - WW Delivery","PQBP Blanket washed board debris","31.15","R5","2022-11-06 18:00:00.000","7304"
"UPDT -  HEIBER STOP COMMAND","Q18 Detection- Ejection- Rej Sys","31.683333333333334","Y4","2022-11-05 07:00:00.000","7435A"
"UPDT - WW Tab Breaker","PQBS Blanket changed smashed","31.966666666666665","R4","2022-11-04 19:00:00.000","7304"
"Unplanned Downtime","FLG0 Cold Glue System","32.083333333333336","Y4","2022-11-04 07:00:00.000","7434"
"UPDT - WW Delivery","PLS0 Delivery table jam","32.083333333333336","Y4","2022-11-05 07:00:00.000","7304"
"UPDT -  HEIBER STOP COMMAND","C00 Line Clearance","33.11666666666667","Y4","2022-11-04 07:00:00.000","7435B"
"UPDT - WW Splicer","PQU1 Web Break Splice","33.28333333333333","Y4","2022-11-04 07:00:00.000","7304"
"UPDT - WW Tab Breaker","LOM Mechanical","33.93333333333333","R5","2022-11-06 18:00:00.000","7304"
"Unplanned Downtime","Planned Downtime","34.71666666666667","Y4","2022-11-04 07:00:00.000","7433"
"UPDT -  HEIBER STOP COMMAND","FQ23 Feed Problems","34.96666666666667","R4","2022-11-04 19:00:00.000","7436A"
"Unplanned Downtime","WQ00 Automation breakdown","35.4","Y4","2022-11-04 07:00:00.000","7433"
"UPDT - WW Delivery","PLZ0 Palletizer air table","35.85","Y5","2022-11-06 06:00:00.000","7305"
"Unplanned Downtime","S03 Start up shut down","35.85","R5","2022-11-06 18:00:00.000","7433"
"Unplanned Downtime","B01 Labor shortage","35.983333333333334","Y4","2022-11-05 07:00:00.000","7434"
"UPDT - Infeed Web Break Shutdown","PQU1 Web Break Splice","36.03333333333333","R4","2022-11-04 19:00:00.000","7303"
"UPDT - Delivery Stacker Fast Stop Shutdown - 1","PLS0 Delivery table jam","36.31666666666667","R5","2022-11-06 18:00:00.000","7302"
"Unplanned Downtime","WQ00 Automation breakdown","37.35","Y4","2022-11-05 07:00:00.000","7433"
"UPDT - WW Cutter Nip","VQK0 Defective material ink","37.61666666666667","R4","2022-11-04 19:00:00.000","7304"
"Unplanned Downtime","FLA0 Auto Packer","37.666666666666664","Y4","2022-11-05 07:00:00.000","7434"
"Unplanned Downtime","FQER Replace - Change Film","38.416666666666664","Y4","2022-11-04 07:00:00.000","7434"
"UPDT - WW Delivery","PLZ0 Palletizer air table","39.483333333333334","Y4","2022-11-05 07:00:00.000","7305"
"Unplanned Downtime","FLAB Flaps-  Bent- Torn","40.2","R5","2022-11-06 18:00:00.000","7433"
"UPDT -  HEIBER STOP COMMAND","WQ00 Automation breakdown","40.7","R5","2022-11-06 18:00:00.000","7436A"
"UPDT - WW Delivery","CQ59 Pin Holes","45.333333333333336","Y4","2022-11-04 07:00:00.000","7305"
"UPDT - WW Delivery","CQ64 Incomplete-poor Cutting","45.483333333333334","Y4","2022-11-05 07:00:00.000","7305"
"Unplanned Downtime","Q18 Detection- Ejection- Rej Sys","46.43333333333333","Y4","2022-11-05 07:00:00.000","7434"
"Unplanned Downtime","FQ23 Feed Problems","48.4","Y4","2022-11-04 07:00:00.000","7434"
"UPDT - WW Delivery","PQPS Plate Change Sensitive","49.11666666666667","R5","2022-11-06 18:00:00.000","7305"
"UPDT - Console Fast Stop","PQPA Plate Scratch-Stain-Desensitiz","52.083333333333336","R4","2022-11-04 19:00:00.000","7303"
"Unplanned Downtime","VQQ0 Defective material board","52.11666666666667","R5","2022-11-06 18:00:00.000","7434"
"Unplanned Downtime","FLA0 Auto Packer","53.016666666666666","Y4","2022-11-04 07:00:00.000","7434"
"UPDT - WW Delivery","PLZ0 Palletizer air table","53.13333333333333","R5","2022-11-06 18:00:00.000","7305"
"Unplanned Downtime","U00 Clean Up - Housekeeping","53.333333333333336","R4","2022-11-05 19:00:00.000","7433"
"Unplanned Downtime","U00 Clean Up - Housekeeping","55.3","R5","2022-11-06 18:00:00.000","7434"
"Unplanned Downtime","FLS0 Folding Section-2nd Section","70.25","R4","2022-11-05 19:00:00.000","7433"
"UPDT - Delivery Tab Breaker Fast Stop Shutdown","CQ64 Incomplete-poor Cutting","72.7","Y4","2022-11-05 07:00:00.000","7301"
"Unplanned Downtime","LQ01 Adhesion-Loose Film","73.16666666666667","Y4","2022-11-05 07:00:00.000","7434"
"UPDT - Infeed Splicer Prepared Shutdown","SQ04 Waiting on Material - Board","78.83333333333333","Y5","2022-11-06 06:00:00.000","7303"
"UPDT -  SPEED PROX FAULT","LOE Electrical","84.35","R5","2022-11-06 18:00:00.000","7436A"
"UPDT - WW Tab Breaker","CQ59 Pin Holes","85.7","Y4","2022-11-04 07:00:00.000","7305"
"Unplanned Downtime","S00 Start-Up Shut-Down","86.4","Y4","2022-11-04 07:00:00.000","7408"
"UPDT - Delivery Stacker Fast Stop Shutdown - 1","PLAM Repeat mech damage","87.55","Y4","2022-11-05 07:00:00.000","7302"
"Unplanned Downtime","FQ71 Skewed","88.55","R5","2022-11-06 18:00:00.000","7433"
"Unplanned Downtime","Q18 Detection- Ejection- Rej Sys","90.78333333333333","Y4","2022-11-04 07:00:00.000","7434"
"Unplanned Downtime","FLT0 Trombone Section","91.13333333333334","Y4","2022-11-05 07:00:00.000","7433"
"UPDT - Cutter Fast Stop Shutdown","LOM Mechanical","99.93333333333334","R5","2022-11-06 18:00:00.000","7303"
"Unplanned Downtime","VQ09 Bow-Warp Curl","103.66666666666667","Y5","2022-11-06 06:00:00.000","7433"
"Unplanned Downtime","LOM Mechanical","110.35","R4","2022-11-04 19:00:00.000","7433"
"UPDT - WW Tab Breaker","CLNC Reg P-C maint required","120.05","Y5","2022-11-06 06:00:00.000","7304"
"Unplanned Downtime","S03 Start up shut down","129.08333333333334","Y4","2022-11-04 07:00:00.000","7433"
"UPDT - WW Delivery","CQCT Die adjust cutting-slitting","131.5","R4","2022-11-05 19:00:00.000","7305"
"Unplanned Downtime","S03 Start up shut down","133.55","Y4","2022-11-05 07:00:00.000","7433"
"Unplanned Downtime","SQO4 Wait on board","152.55","Y4","2022-11-05 07:00:00.000","7434"
"Unplanned Downtime","FLT0 Trombone Section","179.63333333333333","Y4","2022-11-04 07:00:00.000","7433"
"Unplanned Downtime","FQ71 Skewed","180.56666666666666","R4","2022-11-04 19:00:00.000","7433"
"Unplanned Downtime","Unplanned Downtime","267.96666666666664","R4","2022-11-04 19:00:00.000","7434"
"Unplanned Downtime","U00 Clean Up - Housekeeping","365.28333333333336","R4","2022-11-04 19:00:00.000","7433"
"","","5363.300000000001","Y4","2022-11-05 07:00:00.000",""
"","","5370.683333333333","Y4","2022-11-04 07:00:00.000",""
"","","5406.633333333333","R4","2022-11-04 19:00:00.000",""
"","","5941.633333333333","Y5","2022-11-06 06:00:00.000",""
"","","6057.533333333333","R4","2022-11-05 19:00:00.000",""
"","","6413.966666666667","R5","2022-11-06 18:00:00.000",""
